URL,Status,Page type,Primary keyword,Secondary keywords,SEO title,Meta description,H1,Primary CTA
/,Rewrite,Homepage,"dakwerken Antwerpen","dakrenovatie Antwerpen|dakwerker Wuustwezel","Dakwerken en Dakrenovatie in Antwerpen | EVM Dakwerken","Dakwerken in Antwerpen, Wuustwezel en omstreken? EVM Dakwerken helpt met dakrenovatie, platte en hellende daken, isolatie, groendaken en asbestverwijdering. Vraag uw offerte aan.","Dakwerker voor dakrenovatie, platte en hellende daken in Antwerpen","Vraag uw offerte aan"
/contact/,Rewrite,Contact,"dakwerker contact Antwerpen","offerte dakwerken|dakwerker Wuustwezel","Contact Dakwerker in Wuustwezel en Antwerpen | EVM Dakwerken","Contacteer EVM Dakwerken voor dakwerken in Antwerpen en omstreken. Bel, mail of vraag een vrijblijvende offerte aan voor renovatie, isolatie of herstelling.","Contacteer EVM Dakwerken voor dakwerken in Antwerpen","Bel voor advies"
/nieuwbouw-renovatie/,Rewrite,Service,"dakrenovatie Antwerpen","nieuw dak plaatsen|dak vernieuwen","Dakrenovatie en Nieuw Dak in Antwerpen | EVM Dakwerken","Dak renoveren of een nieuw dak laten plaatsen in Antwerpen? EVM Dakwerken realiseert hellende en platte daken met duurzame materialen en correcte afwerking.","Nieuw dak plaatsen of dak renoveren in Antwerpen","Vraag een offerte aan"
/isolatie/,Rewrite,Service,"dakisolatie Antwerpen","energie besparen dak|dakisolatie renovatie","Dakisolatie in Antwerpen | Advies en Offerte | EVM Dakwerken","Dakisolatie laten plaatsen in Antwerpen? Verlaag uw energiekosten met een goed geisoleerd dak. EVM Dakwerken adviseert, isoleert en renoveert op maat.","Dakisolatie in Antwerpen voor meer comfort en lagere energiekosten","Vraag isolatie-advies aan"
/groendak/,Rewrite,Service,"groendak Antwerpen","groendak aanleggen|plat dak groendak","Groendak laten aanleggen in Antwerpen | EVM Dakwerken","Een groendak laten aanleggen in Antwerpen? EVM Dakwerken plaatst duurzame groendaken met aandacht voor isolatie, waterbuffering en levensduur.","Groendak laten plaatsen in Antwerpen","Vraag een offerte aan"
/zonnepanelen/,Rewrite,Service,"indak zonnepanelen Antwerpen","zonnepanelen dak integratie|nieuw dak zonnepanelen","Indak Zonnepanelen in Antwerpen | EVM Dakwerken","Indak zonnepanelen laten plaatsen in Antwerpen? EVM Dakwerken combineert een strak dakbeeld met duurzame energie en een waterdichte afwerking.","Indak zonnepanelen voor renovatie en nieuwbouw in Antwerpen","Vraag advies aan"
/asbest/,Rewrite,Service,"asbest dak verwijderen Antwerpen","asbestdak vervangen|veilige asbestverwijdering","Asbest Dak Verwijderen in Antwerpen | EVM Dakwerken","Asbest dak laten verwijderen in Antwerpen? EVM Dakwerken begeleidt veilige afbraak, correcte afvoer en de nieuwe dakopbouw in een duidelijke totaaloplossing.","Asbestdak veilig laten verwijderen in Antwerpen","Vraag een inspectie aan"
/dak-timmer/,Rewrite,Service,"daktimmerwerken Antwerpen","dakconstructie hout|houten dakstructuur","Daktimmerwerken en Dakconstructies | EVM Dakwerken","Daktimmerwerken nodig voor renovatie of nieuwbouw? EVM Dakwerken bouwt en herstelt stevige dakconstructies in hout voor woningen en bedrijfsgebouwen.","Daktimmerwerken voor sterke en duurzame dakconstructies","Vraag technisch advies aan"
/staaldak/,Rewrite,Service,"sandwichpanelen dak","industriele daken Antwerpen|staaldak bedrijfshal","Industriele Daken en Sandwichpanelen | EVM Dakwerken","Een industrieel dak of sandwichpanelen laten plaatsen? EVM Dakwerken realiseert sterke en onderhoudsvriendelijke dakoplossingen voor hallen en bedrijfsgebouwen.","Industriele daken en sandwichpanelen op maat","Vraag een offerte aan"
/dakrenovatie/,New,Pillar,"dakrenovatie","dak vernieuwen|dakwerken renovatie","Dakrenovatie in Antwerpen en Omstreken | EVM Dakwerken","Uw dak laten renoveren in Antwerpen of omstreken? EVM Dakwerken vernieuwt platte en hellende daken, inclusief isolatie, afwerking en herstellingen.","Dakrenovatie voor platte en hellende daken","Vraag uw offerte aan"
/plat-dak-renoveren/,New,Service,"plat dak renoveren","EPDM dak|plat dak renovatie","Plat Dak Renoveren met EPDM of Roofing | EVM Dakwerken","Een plat dak renoveren? EVM Dakwerken plaatst duurzame EPDM- en roofingoplossingen voor woningen, appartementsgebouwen en bedrijfsdaken.","Plat dak renoveren met een duurzame waterdichte opbouw","Vraag een dakinspectie aan"
/hellend-dak-renoveren/,New,Service,"hellend dak renoveren","dakpannen vervangen|dak vernieuwen","Hellend Dak Renoveren in Antwerpen | EVM Dakwerken","Een hellend dak renoveren? EVM Dakwerken vervangt dakpannen, vernieuwt de onderbouw en combineert renovatie met isolatie waar nodig.","Hellend dak renoveren met een duurzame totaaloplossing","Vraag uw offerte aan"
/dakisolatie/,New,Service,"dakisolatie","dak isoleren renovatie|warmteverlies dak","Dakisolatie bij Renovatie en Nieuwbouw | EVM Dakwerken","Dakisolatie laten uitvoeren door een ervaren dakwerker? EVM Dakwerken zorgt voor een correcte opbouw, meer comfort en een lagere energiefactuur.","Dakisolatie voor renovatie en nieuwbouw","Vraag isolatie-advies aan"
/indak-zonnepanelen/,New,Service,"indak zonnepanelen","zonnepanelen integreren dak|dak en zonnepanelen","Indak Zonnepanelen op maat | EVM Dakwerken","Kiest u voor indak zonnepanelen? EVM Dakwerken combineert een strak resultaat, waterdichte afwerking en technisch advies voor uw dakproject.","Indak zonnepanelen met een nette en waterdichte afwerking","Vraag advies aan"
/industriele-daken-sandwichpanelen/,New,Service,"industriele daken sandwichpanelen","bedrijfshal dak|staaldak panelen","Industriele Daken met Sandwichpanelen | EVM Dakwerken","EVM Dakwerken plaatst industriele daken met sandwichpanelen voor hallen, loodsen en bedrijfsgebouwen. Sterk, snel geplaatst en onderhoudsvriendelijk.","Industriele daken met sandwichpanelen voor bedrijfsgebouwen","Vraag een offerte aan"
/gratis-dakinspectie/,New,Lead page,"gratis dakinspectie","dakcheck|dak laten nakijken","Gratis Dakinspectie in Antwerpen | EVM Dakwerken","Twijfelt u over de staat van uw dak? Vraag een gratis dakinspectie aan bij EVM Dakwerken en ontvang snel duidelijk advies over renovatie, schade of onderhoud.","Vraag een gratis dakinspectie aan","Plan uw inspectie"
/projecten/,New,Hub,"dakwerken projecten","gerealiseerde dakwerken|projectcases dak","Projecten en Realisaties Dakwerken | EVM Dakwerken","Bekijk gerealiseerde dakwerken van EVM Dakwerken in Antwerpen en omstreken, van plat dak renovaties tot dakisolatie, groendaken en asbestvervanging.","Projecten en realisaties van EVM Dakwerken","Bekijk onze realisaties"
/blog/,New,Hub,"dakwerken blog","advies dakrenovatie|dakwerken tips","Dakwerken Blog met Advies en Tips | EVM Dakwerken","Lees praktische gidsen van EVM Dakwerken over dakrenovatie, EPDM, dakisolatie, asbest, onderhoud en kosten in Vlaanderen.","Advies, tips en inzichten over dakwerken","Lees onze artikels"
/dakwerker-antwerpen/,New,Local hub,"dakwerker Antwerpen","dakwerken Antwerpen|dakrenovatie Antwerpen","Dakwerker in Antwerpen voor Dakwerken op Maat | EVM Dakwerken","Zoekt u een betrouwbare dakwerker in Antwerpen? EVM Dakwerken helpt met dakrenovatie, platte en hellende daken, dakisolatie en asbestverwijdering.","Dakwerker in Antwerpen voor renovatie, isolatie en herstelling","Vraag een offerte aan"
/dakwerker-vlaams-brabant/,New,Local hub,"dakwerker Vlaams-Brabant","dakwerken Vlaams-Brabant|dakrenovatie Vlaams-Brabant","Dakwerker in Vlaams-Brabant | EVM Dakwerken","EVM Dakwerken helpt klanten in Vlaams-Brabant met dakrenovatie, platte daken, hellende daken, isolatie en asbestverwijdering.","Dakwerker in Vlaams-Brabant voor duurzame dakwerken","Vraag een offerte aan"
/dakwerker-oost-vlaanderen/,New,Local hub,"dakwerker Oost-Vlaanderen","dakwerken Oost-Vlaanderen|dakrenovatie Oost-Vlaanderen","Dakwerker in Oost-Vlaanderen | EVM Dakwerken","Een dakwerker nodig in Oost-Vlaanderen? EVM Dakwerken voert renovaties, dakisolatie, platte daken en hellende daken uit met oog voor kwaliteit.","Dakwerker in Oost-Vlaanderen voor renovatie en advies","Vraag een offerte aan"
/dakwerker-west-vlaanderen/,New,Local hub,"dakwerker West-Vlaanderen","dakwerken West-Vlaanderen|dakrenovatie West-Vlaanderen","Dakwerker in West-Vlaanderen | EVM Dakwerken","EVM Dakwerken realiseert dakwerken in West-Vlaanderen voor klanten die een duurzame renovatie of nieuwe dakopbouw willen laten uitvoeren.","Dakwerker in West-Vlaanderen voor kwalitatieve dakwerken","Vraag een offerte aan"
/dakrenovatie-antwerpen/,New,Service + city,"dakrenovatie Antwerpen","dak vernieuwen Antwerpen|dakwerken Antwerpen","Dakrenovatie in Antwerpen | EVM Dakwerken","Uw dak laten renoveren in Antwerpen? EVM Dakwerken vernieuwt platte en hellende daken, inclusief isolatie, afbraak en afwerking.","Dakrenovatie in Antwerpen voor woningen en bedrijven","Vraag een offerte aan"
/plat-dak-antwerpen/,New,Service + city,"plat dak Antwerpen","EPDM dak Antwerpen|plat dak renoveren Antwerpen","Plat Dak in Antwerpen Renoveren of Plaatsen | EVM Dakwerken","Een plat dak laten plaatsen of renoveren in Antwerpen? EVM Dakwerken specialiseert zich in EPDM, roofing, isolatie en duurzame afwerking.","Plat dak in Antwerpen laten plaatsen of renoveren","Vraag een dakinspectie aan"
/hellend-dak-antwerpen/,New,Service + city,"hellend dak Antwerpen","hellend dak renoveren Antwerpen|dakpannen Antwerpen","Hellend Dak Renoveren in Antwerpen | EVM Dakwerken","EVM Dakwerken renoveert hellende daken in Antwerpen en vervangt dakpannen, onderdak, houtstructuren en isolatie waar nodig.","Hellend dak in Antwerpen renoveren met een ervaren dakwerker","Vraag een offerte aan"
/dakisolatie-antwerpen/,New,Service + city,"dakisolatie Antwerpen","dak isoleren Antwerpen|isolatie dakrenovatie Antwerpen","Dakisolatie in Antwerpen | EVM Dakwerken","Dakisolatie laten uitvoeren in Antwerpen? EVM Dakwerken verbetert comfort en energieprestatie met een correct opgebouwde dakisolatie.","Dakisolatie in Antwerpen met focus op comfort en rendement","Vraag isolatie-advies aan"
/asbestdak-verwijderen-antwerpen/,New,Service + city,"asbestdak verwijderen Antwerpen","asbest dak vervangen Antwerpen|asbestverwijdering dak","Asbestdak Verwijderen in Antwerpen | EVM Dakwerken","Een asbestdak laten verwijderen in Antwerpen? EVM Dakwerken zorgt voor veilige afbraak, afvoer en vernieuwing van uw dak.","Asbestdak verwijderen in Antwerpen met een veilige totaaloplossing","Vraag een inspectie aan"
/groendak-antwerpen/,New,Service + city,"groendak Antwerpen","groendak aanleggen Antwerpen|plat dak groendak Antwerpen","Groendak in Antwerpen Laten Aanleggen | EVM Dakwerken","Een groendak laten plaatsen in Antwerpen? EVM Dakwerken helpt met opbouw, buffering, waterdichting en een duurzame afwerking.","Groendak in Antwerpen voor duurzame en slimme dakoplossingen","Vraag een offerte aan"
/indak-zonnepanelen-antwerpen/,New,Service + city,"indak zonnepanelen Antwerpen","zonnepanelen dak Antwerpen|zonnepanelen integreren","Indak Zonnepanelen in Antwerpen | EVM Dakwerken","Indak zonnepanelen laten plaatsen in Antwerpen? EVM Dakwerken combineert een strak ontwerp met een technisch correcte en waterdichte plaatsing.","Indak zonnepanelen in Antwerpen voor renovatie en nieuwbouw","Vraag advies aan"
